<?xml version="1.0" encoding="UTF-8" standalone="yes"?>
<Content>
        
    <Views>
                
        <ViewDef id="f66bed30-c7fd-4072-8bf8-1b0e4bce1ce7">
                        
            <Title>Report: Datastore for CSV export</Title>
                        
            <Description>A simple table for export as a CSV file. Used in report only, hence it has no formatting. Just like the rest of the report, it is designed for weekly, not daily nor monthly. 

Schedule it to run end of the week, such as Sunday 23:59</Description>
                        
            <SubjectType adapterKind="VMWARE" resourceKind="Datastore" type="descendant"/>
                        
            <SubjectType adapterKind="VMWARE" resourceKind="Datastore" type="self"/>
                        
            <Usage>dashboard</Usage>
                        
            <Usage>report</Usage>
                        
            <Usage>details</Usage>
                        
            <Usage>content</Usage>
                        
            <Controls>
                                
                <Control id="time-interval-selector_id_820" type="time-interval-selector" visible="false">
                                        
                    <Property name="advancedTimeMode" value="false"/>
                                        
                    <Property name="unit" value="DAYS"/>
                                        
                    <Property name="count" value="7"/>
                                    
                </Control>
                                
                <Control id="attributes-selector_id_821" type="attributes-selector" visible="false">
                                        
                    <Property name="attributeInfos">
                                                
                        <List>
                                                        
                            <Item>
                                
                                <Value>
                                        
                                    <Property name="objectType" value="RESOURCE"/>
                                        
                                    <Property name="attributeKey" value="summary|type"/>
                                        
                                    <Property name="isStringAttribute" value="true"/>
                                        
                                    <Property name="adapterKind" value="VMWARE"/>
                                        
                                    <Property name="resourceKind" value="Datastore"/>
                                        
                                    <Property name="rollUpType" value="NONE"/>
                                        
                                    <Property name="rollUpCount" value="0"/>
                                        
                                    <Property name="transformations">
                                                
                                        <List>
                                                        
                                            <Item value="CURRENT"/>
                                                    
                                        </List>
                                            
                                    </Property>
                                        
                                    <Property name="sortCriteria" value="false"/>
                                        
                                    <Property name="isProperty" value="true"/>
                                        
                                    <Property name="displayName" value="Datastore Type"/>
                                        
                                    <Property name="addTimestampAsColumn" value="false"/>
                                        
                                    <Property name="isShowRelativeTimestamp" value="false"/>
                                    
                                </Value>
                                                            
                            </Item>
                                                        
                            <Item>
                                
                                <Value>
                                        
                                    <Property name="objectType" value="RESOURCE"/>
                                        
                                    <Property name="attributeKey" value="summary|isLocal"/>
                                        
                                    <Property name="isStringAttribute" value="true"/>
                                        
                                    <Property name="adapterKind" value="VMWARE"/>
                                        
                                    <Property name="resourceKind" value="Datastore"/>
                                        
                                    <Property name="rollUpType" value="NONE"/>
                                        
                                    <Property name="rollUpCount" value="0"/>
                                        
                                    <Property name="transformations">
                                                
                                        <List>
                                                        
                                            <Item value="CURRENT"/>
                                                    
                                        </List>
                                            
                                    </Property>
                                        
                                    <Property name="isProperty" value="true"/>
                                        
                                    <Property name="displayName" value="Is Local?"/>
                                        
                                    <Property name="addTimestampAsColumn" value="false"/>
                                        
                                    <Property name="isShowRelativeTimestamp" value="false"/>
                                    
                                </Value>
                                                            
                            </Item>
                                                        
                            <Item>
                                
                                <Value>
                                        
                                    <Property name="objectType" value="RESOURCE"/>
                                        
                                    <Property name="attributeKey" value="summary|vmfs_version"/>
                                        
                                    <Property name="isStringAttribute" value="true"/>
                                        
                                    <Property name="adapterKind" value="VMWARE"/>
                                        
                                    <Property name="resourceKind" value="Datastore"/>
                                        
                                    <Property name="rollUpCount" value="0"/>
                                        
                                    <Property name="transformations">
                                                
                                        <List>
                                                        
                                            <Item value="CURRENT"/>
                                                    
                                        </List>
                                            
                                    </Property>
                                        
                                    <Property name="isProperty" value="true"/>
                                        
                                    <Property name="displayName" value="VMFS version"/>
                                        
                                    <Property name="addTimestampAsColumn" value="false"/>
                                        
                                    <Property name="isShowRelativeTimestamp" value="false"/>
                                    
                                </Value>
                                                            
                            </Item>
                                                        
                            <Item>
                                
                                <Value>
                                        
                                    <Property name="objectType" value="RESOURCE"/>
                                        
                                    <Property name="attributeKey" value="datastore|hostScsiDiskPartition"/>
                                        
                                    <Property name="isStringAttribute" value="false"/>
                                        
                                    <Property name="adapterKind" value="VMWARE"/>
                                        
                                    <Property name="resourceKind" value="Datastore"/>
                                        
                                    <Property name="rollUpType" value="NONE"/>
                                        
                                    <Property name="rollUpCount" value="0"/>
                                        
                                    <Property name="transformations">
                                                
                                        <List>
                                                        
                                            <Item value="CURRENT"/>
                                                    
                                        </List>
                                            
                                    </Property>
                                        
                                    <Property name="isProperty" value="true"/>
                                        
                                    <Property name="displayName" value="VMFS Extents"/>
                                        
                                    <Property name="addTimestampAsColumn" value="false"/>
                                        
                                    <Property name="isShowRelativeTimestamp" value="false"/>
                                    
                                </Value>
                                                            
                            </Item>
                                                        
                            <Item>
                                
                                <Value>
                                        
                                    <Property name="objectType" value="RESOURCE"/>
                                        
                                    <Property name="attributeKey" value="summary|maintenanceState"/>
                                        
                                    <Property name="isStringAttribute" value="true"/>
                                        
                                    <Property name="adapterKind" value="VMWARE"/>
                                        
                                    <Property name="resourceKind" value="Datastore"/>
                                        
                                    <Property name="rollUpCount" value="0"/>
                                        
                                    <Property name="transformations">
                                                
                                        <List>
                                                        
                                            <Item value="CURRENT"/>
                                                    
                                        </List>
                                            
                                    </Property>
                                        
                                    <Property name="isProperty" value="true"/>
                                        
                                    <Property name="displayName" value="Maintenance"/>
                                        
                                    <Property name="addTimestampAsColumn" value="false"/>
                                        
                                    <Property name="isShowRelativeTimestamp" value="false"/>
                                    
                                </Value>
                                                            
                            </Item>
                                                        
                            <Item>
                                
                                <Value>
                                        
                                    <Property name="objectType" value="RESOURCE"/>
                                        
                                    <Property name="attributeKey" value="datastore|hostcount"/>
                                        
                                    <Property name="isStringAttribute" value="false"/>
                                        
                                    <Property name="adapterKind" value="VMWARE"/>
                                        
                                    <Property name="resourceKind" value="Datastore"/>
                                        
                                    <Property name="rollUpType" value="NONE"/>
                                        
                                    <Property name="rollUpCount" value="0"/>
                                        
                                    <Property name="transformations">
                                                
                                        <List>
                                                        
                                            <Item value="CURRENT"/>
                                                    
                                        </List>
                                            
                                    </Property>
                                        
                                    <Property name="isProperty" value="true"/>
                                        
                                    <Property name="displayName" value="Hosts"/>
                                    
                                </Value>
                                                            
                            </Item>
                                                        
                            <Item>
                                
                                <Value>
                                        
                                    <Property name="objectType" value="RESOURCE"/>
                                        
                                    <Property name="attributeKey" value="summary|total_number_vms"/>
                                        
                                    <Property name="isStringAttribute" value="false"/>
                                        
                                    <Property name="adapterKind" value="VMWARE"/>
                                        
                                    <Property name="resourceKind" value="Datastore"/>
                                        
                                    <Property name="rollUpType" value="NONE"/>
                                        
                                    <Property name="rollUpCount" value="0"/>
                                        
                                    <Property name="transformations">
                                                
                                        <List>
                                                        
                                            <Item value="CURRENT"/>
                                                    
                                        </List>
                                            
                                    </Property>
                                        
                                    <Property name="isProperty" value="false"/>
                                        
                                    <Property name="displayName" value="Total VM"/>
                                        
                                    <Property name="addTimestampAsColumn" value="false"/>
                                        
                                    <Property name="isShowRelativeTimestamp" value="false"/>
                                    
                                </Value>
                                                            
                            </Item>
                                                        
                            <Item>
                                
                                <Value>
                                        
                                    <Property name="objectType" value="RESOURCE"/>
                                        
                                    <Property name="attributeKey" value="summary|total_number_clusters"/>
                                        
                                    <Property name="isStringAttribute" value="false"/>
                                        
                                    <Property name="adapterKind" value="VMWARE"/>
                                        
                                    <Property name="resourceKind" value="Datastore"/>
                                        
                                    <Property name="rollUpType" value="NONE"/>
                                        
                                    <Property name="rollUpCount" value="0"/>
                                        
                                    <Property name="transformations">
                                                
                                        <List>
                                                        
                                            <Item value="CURRENT"/>
                                                    
                                        </List>
                                            
                                    </Property>
                                        
                                    <Property name="isProperty" value="false"/>
                                        
                                    <Property name="displayName" value="vSphere Clusters"/>
                                        
                                    <Property name="addTimestampAsColumn" value="false"/>
                                        
                                    <Property name="isShowRelativeTimestamp" value="false"/>
                                    
                                </Value>
                                                            
                            </Item>
                                                        
                            <Item>
                                
                                <Value>
                                        
                                    <Property name="objectType" value="RESOURCE"/>
                                        
                                    <Property name="attributeKey" value="summary|path"/>
                                        
                                    <Property name="isStringAttribute" value="true"/>
                                        
                                    <Property name="adapterKind" value="VMWARE"/>
                                        
                                    <Property name="resourceKind" value="Datastore"/>
                                        
                                    <Property name="rollUpType" value="NONE"/>
                                        
                                    <Property name="rollUpCount" value="0"/>
                                        
                                    <Property name="transformations">
                                                
                                        <List>
                                                        
                                            <Item value="CURRENT"/>
                                                    
                                        </List>
                                            
                                    </Property>
                                        
                                    <Property name="isProperty" value="true"/>
                                        
                                    <Property name="displayName" value="Directory Path"/>
                                        
                                    <Property name="addTimestampAsColumn" value="false"/>
                                        
                                    <Property name="isShowRelativeTimestamp" value="false"/>
                                    
                                </Value>
                                                            
                            </Item>
                                                        
                            <Item>
                                
                                <Value>
                                        
                                    <Property name="objectType" value="RESOURCE"/>
                                        
                                    <Property name="attributeKey" value="summary|diskCapacity"/>
                                        
                                    <Property name="preferredUnitId" value="tb"/>
                                        
                                    <Property name="isStringAttribute" value="false"/>
                                        
                                    <Property name="adapterKind" value="VMWARE"/>
                                        
                                    <Property name="resourceKind" value="Datastore"/>
                                        
                                    <Property name="rollUpType" value="NONE"/>
                                        
                                    <Property name="rollUpCount" value="0"/>
                                        
                                    <Property name="transformations">
                                                
                                        <List>
                                                        
                                            <Item value="CURRENT"/>
                                                    
                                        </List>
                                            
                                    </Property>
                                        
                                    <Property name="sortCriteria" value="false"/>
                                        
                                    <Property name="isProperty" value="true"/>
                                        
                                    <Property name="displayName" value="Capacity"/>
                                        
                                    <Property name="addTimestampAsColumn" value="false"/>
                                        
                                    <Property name="isShowRelativeTimestamp" value="false"/>
                                    
                                </Value>
                                                            
                            </Item>
                                                        
                            <Item>
                                
                                <Value>
                                        
                                    <Property name="objectType" value="RESOURCE"/>
                                        
                                    <Property name="attributeKey" value="capacity|usableCapacity"/>
                                        
                                    <Property name="preferredUnitId" value="tb"/>
                                        
                                    <Property name="isStringAttribute" value="false"/>
                                        
                                    <Property name="adapterKind" value="VMWARE"/>
                                        
                                    <Property name="resourceKind" value="Datastore"/>
                                        
                                    <Property name="rollUpType" value="NONE"/>
                                        
                                    <Property name="rollUpCount" value="0"/>
                                        
                                    <Property name="transformations">
                                                
                                        <List>
                                                        
                                            <Item value="CURRENT"/>
                                                    
                                        </List>
                                            
                                    </Property>
                                        
                                    <Property name="isProperty" value="false"/>
                                        
                                    <Property name="displayName" value="Usable Capacity"/>
                                        
                                    <Property name="addTimestampAsColumn" value="false"/>
                                        
                                    <Property name="isShowRelativeTimestamp" value="false"/>
                                    
                                </Value>
                                                            
                            </Item>
                                                        
                            <Item>
                                
                                <Value>
                                        
                                    <Property name="objectType" value="RESOURCE"/>
                                        
                                    <Property name="attributeKey" value="capacity|consumer_provisioned"/>
                                        
                                    <Property name="preferredUnitId" value="tb"/>
                                        
                                    <Property name="isStringAttribute" value="false"/>
                                        
                                    <Property name="adapterKind" value="VMWARE"/>
                                        
                                    <Property name="resourceKind" value="Datastore"/>
                                        
                                    <Property name="rollUpType" value="NONE"/>
                                        
                                    <Property name="rollUpCount" value="0"/>
                                        
                                    <Property name="transformations">
                                                
                                        <List>
                                                        
                                            <Item value="CURRENT"/>
                                                    
                                        </List>
                                            
                                    </Property>
                                        
                                    <Property name="isProperty" value="false"/>
                                        
                                    <Property name="displayName" value="Provisioned Space"/>
                                        
                                    <Property name="addTimestampAsColumn" value="false"/>
                                        
                                    <Property name="isShowRelativeTimestamp" value="false"/>
                                    
                                </Value>
                                                            
                            </Item>
                                                        
                            <Item>
                                
                                <Value>
                                        
                                    <Property name="objectType" value="RESOURCE"/>
                                        
                                    <Property name="attributeKey" value="capacity|used_space"/>
                                        
                                    <Property name="preferredUnitId" value="tb"/>
                                        
                                    <Property name="isStringAttribute" value="false"/>
                                        
                                    <Property name="adapterKind" value="VMWARE"/>
                                        
                                    <Property name="resourceKind" value="Datastore"/>
                                        
                                    <Property name="rollUpType" value="NONE"/>
                                        
                                    <Property name="rollUpCount" value="0"/>
                                        
                                    <Property name="transformations">
                                                
                                        <List>
                                                        
                                            <Item value="CURRENT"/>
                                                    
                                        </List>
                                            
                                    </Property>
                                        
                                    <Property name="isProperty" value="false"/>
                                        
                                    <Property name="displayName" value="Used Space"/>
                                        
                                    <Property name="addTimestampAsColumn" value="false"/>
                                        
                                    <Property name="isShowRelativeTimestamp" value="false"/>
                                    
                                </Value>
                                                            
                            </Item>
                                                        
                            <Item>
                                
                                <Value>
                                        
                                    <Property name="objectType" value="RESOURCE"/>
                                        
                                    <Property name="attributeKey" value="capacity|usedSpacePct"/>
                                        
                                    <Property name="preferredUnitId" value="percent"/>
                                        
                                    <Property name="isStringAttribute" value="false"/>
                                        
                                    <Property name="adapterKind" value="VMWARE"/>
                                        
                                    <Property name="resourceKind" value="Datastore"/>
                                        
                                    <Property name="rollUpType" value="NONE"/>
                                        
                                    <Property name="rollUpCount" value="0"/>
                                        
                                    <Property name="transformations">
                                                
                                        <List>
                                                        
                                            <Item value="CURRENT"/>
                                                    
                                        </List>
                                            
                                    </Property>
                                        
                                    <Property name="isProperty" value="false"/>
                                        
                                    <Property name="displayName" value="Used Space"/>
                                        
                                    <Property name="addTimestampAsColumn" value="false"/>
                                        
                                    <Property name="isShowRelativeTimestamp" value="false"/>
                                    
                                </Value>
                                                            
                            </Item>
                                                        
                            <Item>
                                
                                <Value>
                                        
                                    <Property name="objectType" value="RESOURCE"/>
                                        
                                    <Property name="attributeKey" value="reclaimable|orphaned_disk|diskspace"/>
                                        
                                    <Property name="preferredUnitId" value="tb"/>
                                        
                                    <Property name="isStringAttribute" value="false"/>
                                        
                                    <Property name="adapterKind" value="VMWARE"/>
                                        
                                    <Property name="resourceKind" value="Datastore"/>
                                        
                                    <Property name="rollUpType" value="NONE"/>
                                        
                                    <Property name="rollUpCount" value="0"/>
                                        
                                    <Property name="transformations">
                                                
                                        <List>
                                                        
                                            <Item value="CURRENT"/>
                                                    
                                        </List>
                                            
                                    </Property>
                                        
                                    <Property name="isProperty" value="false"/>
                                        
                                    <Property name="displayName" value="Orphaned Disk"/>
                                        
                                    <Property name="addTimestampAsColumn" value="false"/>
                                        
                                    <Property name="isShowRelativeTimestamp" value="false"/>
                                    
                                </Value>
                                                            
                            </Item>
                                                        
                            <Item>
                                
                                <Value>
                                        
                                    <Property name="objectType" value="RESOURCE"/>
                                        
                                    <Property name="attributeKey" value="summary|max_vm_disk_latency"/>
                                        
                                    <Property name="preferredUnitId" value="msec"/>
                                        
                                    <Property name="isStringAttribute" value="false"/>
                                        
                                    <Property name="adapterKind" value="VMWARE"/>
                                        
                                    <Property name="resourceKind" value="Datastore"/>
                                        
                                    <Property name="rollUpType" value="NONE"/>
                                        
                                    <Property name="rollUpCount" value="0"/>
                                        
                                    <Property name="percentile" value="95"/>
                                        
                                    <Property name="transformations">
                                                
                                        <List>
                                                        
                                            <Item value="PERCENTILE"/>
                                                    
                                        </List>
                                            
                                    </Property>
                                        
                                    <Property name="isProperty" value="false"/>
                                        
                                    <Property name="displayName" value="Max VM Disk Latency"/>
                                        
                                    <Property name="addTimestampAsColumn" value="false"/>
                                        
                                    <Property name="isShowRelativeTimestamp" value="false"/>
                                    
                                </Value>
                                                            
                            </Item>
                                                        
                            <Item>
                                
                                <Value>
                                        
                                    <Property name="objectType" value="RESOURCE"/>
                                        
                                    <Property name="attributeKey" value="summary|number_vm_templates"/>
                                        
                                    <Property name="isStringAttribute" value="false"/>
                                        
                                    <Property name="adapterKind" value="VMWARE"/>
                                        
                                    <Property name="resourceKind" value="Datastore"/>
                                        
                                    <Property name="rollUpType" value="NONE"/>
                                        
                                    <Property name="rollUpCount" value="0"/>
                                        
                                    <Property name="transformations">
                                                
                                        <List>
                                                        
                                            <Item value="CURRENT"/>
                                                    
                                        </List>
                                            
                                    </Property>
                                        
                                    <Property name="isProperty" value="false"/>
                                        
                                    <Property name="displayName" value="VM Templates"/>
                                        
                                    <Property name="addTimestampAsColumn" value="false"/>
                                        
                                    <Property name="isShowRelativeTimestamp" value="false"/>
                                    
                                </Value>
                                                            
                            </Item>
                                                        
                            <Item>
                                
                                <Value>
                                        
                                    <Property name="objectType" value="RESOURCE"/>
                                        
                                    <Property name="attributeKey" value="datastore|totalReadLatency_average"/>
                                        
                                    <Property name="preferredUnitId" value="msec"/>
                                        
                                    <Property name="isStringAttribute" value="false"/>
                                        
                                    <Property name="adapterKind" value="VMWARE"/>
                                        
                                    <Property name="resourceKind" value="Datastore"/>
                                        
                                    <Property name="rollUpType" value="NONE"/>
                                        
                                    <Property name="rollUpCount" value="0"/>
                                        
                                    <Property name="percentile" value="95"/>
                                        
                                    <Property name="transformations">
                                                
                                        <List>
                                                        
                                            <Item value="PERCENTILE"/>
                                                    
                                        </List>
                                            
                                    </Property>
                                        
                                    <Property name="isProperty" value="false"/>
                                        
                                    <Property name="displayName" value="Read Latency"/>
                                        
                                    <Property name="addTimestampAsColumn" value="false"/>
                                        
                                    <Property name="isShowRelativeTimestamp" value="false"/>
                                    
                                </Value>
                                                            
                            </Item>
                                                        
                            <Item>
                                
                                <Value>
                                        
                                    <Property name="objectType" value="RESOURCE"/>
                                        
                                    <Property name="attributeKey" value="datastore|totalWriteLatency_average"/>
                                        
                                    <Property name="preferredUnitId" value="msec"/>
                                        
                                    <Property name="isStringAttribute" value="false"/>
                                        
                                    <Property name="adapterKind" value="VMWARE"/>
                                        
                                    <Property name="resourceKind" value="Datastore"/>
                                        
                                    <Property name="rollUpType" value="NONE"/>
                                        
                                    <Property name="rollUpCount" value="0"/>
                                        
                                    <Property name="percentile" value="95"/>
                                        
                                    <Property name="transformations">
                                                
                                        <List>
                                                        
                                            <Item value="PERCENTILE"/>
                                                    
                                        </List>
                                            
                                    </Property>
                                        
                                    <Property name="isProperty" value="false"/>
                                        
                                    <Property name="displayName" value="Write Latency"/>
                                        
                                    <Property name="addTimestampAsColumn" value="false"/>
                                        
                                    <Property name="isShowRelativeTimestamp" value="false"/>
                                    
                                </Value>
                                                            
                            </Item>
                                                        
                            <Item>
                                
                                <Value>
                                        
                                    <Property name="objectType" value="RESOURCE"/>
                                        
                                    <Property name="attributeKey" value="datastore|numberReadAveraged_average"/>
                                        
                                    <Property name="isStringAttribute" value="false"/>
                                        
                                    <Property name="adapterKind" value="VMWARE"/>
                                        
                                    <Property name="resourceKind" value="Datastore"/>
                                        
                                    <Property name="rollUpType" value="NONE"/>
                                        
                                    <Property name="rollUpCount" value="0"/>
                                        
                                    <Property name="percentile" value="95"/>
                                        
                                    <Property name="transformations">
                                                
                                        <List>
                                                        
                                            <Item value="PERCENTILE"/>
                                                    
                                        </List>
                                            
                                    </Property>
                                        
                                    <Property name="isProperty" value="false"/>
                                        
                                    <Property name="displayName" value="Reads/secs"/>
                                        
                                    <Property name="addTimestampAsColumn" value="false"/>
                                        
                                    <Property name="isShowRelativeTimestamp" value="false"/>
                                    
                                </Value>
                                                            
                            </Item>
                                                        
                            <Item>
                                
                                <Value>
                                        
                                    <Property name="objectType" value="RESOURCE"/>
                                        
                                    <Property name="attributeKey" value="datastore|numberWriteAveraged_average"/>
                                        
                                    <Property name="isStringAttribute" value="false"/>
                                        
                                    <Property name="adapterKind" value="VMWARE"/>
                                        
                                    <Property name="resourceKind" value="Datastore"/>
                                        
                                    <Property name="rollUpType" value="NONE"/>
                                        
                                    <Property name="rollUpCount" value="0"/>
                                        
                                    <Property name="percentile" value="95"/>
                                        
                                    <Property name="transformations">
                                                
                                        <List>
                                                        
                                            <Item value="PERCENTILE"/>
                                                    
                                        </List>
                                            
                                    </Property>
                                        
                                    <Property name="isProperty" value="false"/>
                                        
                                    <Property name="displayName" value="Writes/sec"/>
                                        
                                    <Property name="addTimestampAsColumn" value="false"/>
                                        
                                    <Property name="isShowRelativeTimestamp" value="false"/>
                                    
                                </Value>
                                                            
                            </Item>
                                                        
                            <Item>
                                
                                <Value>
                                        
                                    <Property name="objectType" value="RESOURCE"/>
                                        
                                    <Property name="attributeKey" value="datastore|read_average"/>
                                        
                                    <Property name="preferredUnitId" value="mbps"/>
                                        
                                    <Property name="isStringAttribute" value="false"/>
                                        
                                    <Property name="adapterKind" value="VMWARE"/>
                                        
                                    <Property name="resourceKind" value="Datastore"/>
                                        
                                    <Property name="rollUpType" value="NONE"/>
                                        
                                    <Property name="rollUpCount" value="0"/>
                                        
                                    <Property name="percentile" value="95"/>
                                        
                                    <Property name="transformations">
                                                
                                        <List>
                                                        
                                            <Item value="PERCENTILE"/>
                                                    
                                        </List>
                                            
                                    </Property>
                                        
                                    <Property name="isProperty" value="false"/>
                                        
                                    <Property name="displayName" value="Read Throughput"/>
                                        
                                    <Property name="addTimestampAsColumn" value="false"/>
                                        
                                    <Property name="isShowRelativeTimestamp" value="false"/>
                                    
                                </Value>
                                                            
                            </Item>
                                                        
                            <Item>
                                
                                <Value>
                                        
                                    <Property name="objectType" value="RESOURCE"/>
                                        
                                    <Property name="attributeKey" value="datastore|write_average"/>
                                        
                                    <Property name="preferredUnitId" value="mbps"/>
                                        
                                    <Property name="isStringAttribute" value="false"/>
                                        
                                    <Property name="adapterKind" value="VMWARE"/>
                                        
                                    <Property name="resourceKind" value="Datastore"/>
                                        
                                    <Property name="rollUpType" value="NONE"/>
                                        
                                    <Property name="rollUpCount" value="0"/>
                                        
                                    <Property name="percentile" value="95"/>
                                        
                                    <Property name="transformations">
                                                
                                        <List>
                                                        
                                            <Item value="PERCENTILE"/>
                                                    
                                        </List>
                                            
                                    </Property>
                                        
                                    <Property name="isProperty" value="false"/>
                                        
                                    <Property name="displayName" value="Write Throughput"/>
                                        
                                    <Property name="addTimestampAsColumn" value="false"/>
                                        
                                    <Property name="isShowRelativeTimestamp" value="false"/>
                                    
                                </Value>
                                                            
                            </Item>
                                                        
                            <Item>
                                
                                <Value>
                                        
                                    <Property name="objectType" value="RESOURCE"/>
                                        
                                    <Property name="attributeKey" value="summary|parentDatacenter"/>
                                        
                                    <Property name="isStringAttribute" value="true"/>
                                        
                                    <Property name="adapterKind" value="VMWARE"/>
                                        
                                    <Property name="resourceKind" value="Datastore"/>
                                        
                                    <Property name="rollUpCount" value="0"/>
                                        
                                    <Property name="transformations">
                                                
                                        <List>
                                                        
                                            <Item value="CURRENT"/>
                                                    
                                        </List>
                                            
                                    </Property>
                                        
                                    <Property name="isProperty" value="true"/>
                                        
                                    <Property name="displayName" value="Data Center"/>
                                        
                                    <Property name="addTimestampAsColumn" value="false"/>
                                        
                                    <Property name="isShowRelativeTimestamp" value="false"/>
                                    
                                </Value>
                                                            
                            </Item>
                                                        
                            <Item>
                                
                                <Value>
                                        
                                    <Property name="objectType" value="RESOURCE"/>
                                        
                                    <Property name="attributeKey" value="summary|parentVcenter"/>
                                        
                                    <Property name="isStringAttribute" value="true"/>
                                        
                                    <Property name="adapterKind" value="VMWARE"/>
                                        
                                    <Property name="resourceKind" value="Datastore"/>
                                        
                                    <Property name="rollUpCount" value="0"/>
                                        
                                    <Property name="transformations">
                                                
                                        <List>
                                                        
                                            <Item value="CURRENT"/>
                                                    
                                        </List>
                                            
                                    </Property>
                                        
                                    <Property name="isProperty" value="true"/>
                                        
                                    <Property name="displayName" value="vCenter"/>
                                        
                                    <Property name="addTimestampAsColumn" value="false"/>
                                        
                                    <Property name="isShowRelativeTimestamp" value="false"/>
                                    
                                </Value>
                                                            
                            </Item>
                                                        
                            <Item>
                                
                                <Value>
                                        
                                    <Property name="objectType" value="RESOURCE"/>
                                        
                                    <Property name="attributeKey" value="summary|tag"/>
                                        
                                    <Property name="isStringAttribute" value="true"/>
                                        
                                    <Property name="adapterKind" value="VMWARE"/>
                                        
                                    <Property name="resourceKind" value="Datastore"/>
                                        
                                    <Property name="rollUpType" value="NONE"/>
                                        
                                    <Property name="rollUpCount" value="0"/>
                                        
                                    <Property name="transformations">
                                                
                                        <List>
                                                        
                                            <Item value="CURRENT"/>
                                                    
                                        </List>
                                            
                                    </Property>
                                        
                                    <Property name="isProperty" value="true"/>
                                        
                                    <Property name="displayName" value="vSphere Tags"/>
                                        
                                    <Property name="addTimestampAsColumn" value="false"/>
                                        
                                    <Property name="isShowRelativeTimestamp" value="false"/>
                                    
                                </Value>
                                                            
                            </Item>
                                                        
                            <Item>
                                
                                <Value>
                                        
                                    <Property name="objectType" value="RESOURCE"/>
                                        
                                    <Property name="attributeKey" value="summary|folder"/>
                                        
                                    <Property name="isStringAttribute" value="true"/>
                                        
                                    <Property name="adapterKind" value="VMWARE"/>
                                        
                                    <Property name="resourceKind" value="Datastore"/>
                                        
                                    <Property name="rollUpType" value="NONE"/>
                                        
                                    <Property name="rollUpCount" value="0"/>
                                        
                                    <Property name="transformations">
                                                
                                        <List>
                                                        
                                            <Item value="CURRENT"/>
                                                    
                                        </List>
                                            
                                    </Property>
                                        
                                    <Property name="isProperty" value="true"/>
                                        
                                    <Property name="displayName" value="vSphere Folder"/>
                                        
                                    <Property name="addTimestampAsColumn" value="false"/>
                                        
                                    <Property name="isShowRelativeTimestamp" value="false"/>
                                    
                                </Value>
                                                            
                            </Item>
                                                    
                        </List>
                                            
                    </Property>
                                    
                </Control>
                                
                <Control id="pagination-control_id_822" type="pagination-control" visible="true">
                                        
                    <Property name="start" value="0"/>
                                        
                    <Property name="size" value="50"/>
                                    
                </Control>
                                
                <Control id="metadata_id_823" type="metadata" visible="false">
                                        
                    <Property name="maxPointsCount" value="5000"/>
                                        
                    <Property name="distributionColor" value="6870C4"/>
                                        
                    <Property name="hideObjectNameColumn" value="false"/>
                                        
                    <Property name="listTopResultSize" value="-1"/>
                                    
                </Control>
                            
            </Controls>
                        
            <DataProviders>
                                
                <DataProvider dataType="list-view" id="list-view_id_819"/>
                            
            </DataProviders>
                        
            <Presentation type="list"/>
                    
        </ViewDef>
            
    </Views>
        
    <Reports>
                
        <ReportDef id="82f6005c-26f5-4b45-a4d8-1d62366f172c">
                        
            <isTenant>false</isTenant>
                        
            <Title>VOA - Datastores for CSV Export</Title>
                        
            <Description>This CSV file is part of VCF Optimization Assessment. It's not a standalone file. Use it together with the other CSV export as each file only covers 1 object.  

It's designed for further analysis in a spreadsheet. 

To see for the whole environment, run this against vSphere World object. To see specific vCenter or vCenter Data Center, choose the object.

Tailor this large view by removing unnecessary columns. </Description>
                        
            <SubjectType adapterKind="VMWARE" resourceKind="Datastore" type="self"/>
                        
            <SubjectType adapterKind="VMWARE" resourceKind="Datastore" type="descendant"/>
                        
            <Sections>
                                
                <Section>
                                        
                    <ContentType>View</ContentType>
                                        
                    <ContentKey>f66bed30-c7fd-4072-8bf8-1b0e4bce1ce7</ContentKey>
                                        
                    <ContentOrientation>Portrait</ContentOrientation>
                                        
                    <ContentFormatting>
                                                
                        <ColorizeListView>false</ColorizeListView>
                                            
                    </ContentFormatting>
                                    
                </Section>
                            
            </Sections>
                        
            <Settings>
                                
                <ShowPageFooter>false</ShowPageFooter>
                                
                <OutputFormat>csv</OutputFormat>
                            
            </Settings>
                    
        </ReportDef>
            
    </Reports>
    
</Content>
